<?xml version="1.0" encoding="UTF-8"?>
<beans xmlns="http://www.springframework.org/schema/beans" xmlns:context="http://www.springframework.org/schema/context"
       xmlns:mvc="http://www.springframework.org/schema/mvc" xmlns:xsi="http://www.w3.org/2001/XMLSchema-instance"

       xsi:schemaLocation="
        http://www.springframework.org/schema/beans http://www.springframework.org/schema/beans/spring-beans-3.1.xsd
        http://www.springframework.org/schema/context http://www.springframework.org/schema/context/spring-context-3.1.xsd
        http://www.springframework.org/schema/mvc http://www.springframework.org/schema/mvc/spring-mvc-3.1.xsd">

    <bean id="dataSource"
          class="org.springframework.jdbc.datasource.DriverManagerDataSource">
        <property name="driverClassName" value="com.mysql.jdbc.Driver" />
        <property name="url" value="jdbc:mysql://localhost:3306/bct_paymentplatform" />
        <property name="username" value="root" />
        <property name="password" value="Pmklissy@7" />
    </bean>

    <bean id="paymentPlatformDAO" class="com.bct.dao.impl.PaymentPlatformDAOImpl">
        <property name="dataSource" ref="dataSource" />
    </bean>

    <bean id="paymentCoreService" class="com.bct.service.Impl.PaymentServiceImpl">
        <property name="paymentPlatformDAO" ref="paymentPlatformDAO"/>
    </bean>

    <bean id="serviceLoggingInterceptor" class="com.bct.core.ActivityInterceptor" />

    <bean id="serviceLoggingInterceptorAdv"
          class="org.springframework.aop.support.NameMatchMethodPointcutAdvisor">
        <property name="mappedName" value="*" />
         <property name="advice" ref="serviceLoggingInterceptor" />
    </bean>

    <bean class="org.springframework.aop.framework.autoproxy.BeanNameAutoProxyCreator">
        <property name="beanNames">
            <list>
                <value>paymentCoreService</value>
            </list>
        </property>
        <property name="interceptorNames">
            <list>
                <value>serviceLoggingInterceptorAdv</value>
            </list>
        </property>
    </bean>

</beans>
