<?xml version="1.0" encoding="UTF-8"?>
<beans xmlns="http://www.springframework.org/schema/beans" xmlns:context="http://www.springframework.org/schema/context"
       xmlns:mvc="http://www.springframework.org/schema/mvc" xmlns:xsi="http://www.w3.org/2001/XMLSchema-instance"
       xsi:schemaLocation="
        http://www.springframework.org/schema/beans http://www.springframework.org/schema/beans/spring-beans-3.1.xsd
        http://www.springframework.org/schema/context http://www.springframework.org/schema/context/spring-context-3.1.xsd
        http://www.springframework.org/schema/mvc http://www.springframework.org/schema/mvc/spring-mvc-3.1.xsd">
    <context:component-scan base-package="org.payment.administration.controller"/>
    <mvc:annotation-driven/>
    <mvc:resources mapping="/data/**" location="/data/" /> 
    <mvc:resources mapping="/js/**" location="/js/" />
    <mvc:resources mapping="/dist/**" location="/dist/" /> 
    <mvc:resources mapping="/vendor/**" location="/vendor/" />
    <mvc:resources mapping="/css/**" location="/css/" />
    <mvc:resources mapping="/less/**" location="/less/" />
    <mvc:resources mapping="/partials/**" location="/partials/" />
    <mvc:resources mapping="/templates/**" location="/templates/" />
    <mvc:resources mapping="/pages/**" location="/pages/" />
    <!-- The VIEW resolver. Here the views are defined as JSP files and they get resolved by spring -->
    <bean class="org.springframework.web.servlet.view.InternalResourceViewResolver">
        <property name="prefix" value="/pages/" />
        <property name="suffix" value=".jsp" />
    </bean>
 
</beans>